reviewer,author,pr_number,review_state,submitted_at
audrasjb,karmatosed,8192,APPROVED,2025-01-25T22:47:43Z
audrasjb,Sukhendu2002,7856,APPROVED,2025-01-25T16:45:26Z
audrasjb,im3dabasia,7935,APPROVED,2025-01-24T22:36:08Z
karmatosed,audrasjb,8152,APPROVED,2025-01-25T10:28:11Z
apermo,kkmuffme,7711,APPROVED,2024-11-08T13:41:01Z
apermo,kkmuffme,7711,COMMENTED,2025-01-25T08:08:19Z
apermo,kkmuffme,7711,CHANGES_REQUESTED,2025-01-25T10:47:39Z
audrasjb,apermo,8166,COMMENTED,2025-01-22T08:28:23Z
apermo,apermo,8166,COMMENTED,2025-01-22T08:36:57Z
audrasjb,apermo,8166,APPROVED,2025-01-24T23:21:30Z
mukeshpanchal27,audrasjb,8189,APPROVED,2025-01-25T05:18:58Z
joedolson,sabernhardt,8159,CHANGES_REQUESTED,2025-01-21T19:45:44Z
sabernhardt,sabernhardt,8159,COMMENTED,2025-01-21T21:56:03Z
audrasjb,sabernhardt,8159,COMMENTED,2025-01-21T22:07:50Z
sabernhardt,sabernhardt,8159,COMMENTED,2025-01-21T22:15:37Z
audrasjb,sabernhardt,8159,COMMENTED,2025-01-21T22:43:52Z
audrasjb,sabernhardt,8159,APPROVED,2025-01-24T22:51:48Z
jonnynews,swissspidy,7993,CHANGES_REQUESTED,2024-12-12T11:14:26Z
swissspidy,swissspidy,7993,COMMENTED,2024-12-12T12:24:09Z
swissspidy,swissspidy,7993,COMMENTED,2024-12-12T12:24:33Z
jonnynews,swissspidy,7993,COMMENTED,2024-12-12T15:26:15Z
swissspidy,swissspidy,7993,COMMENTED,2024-12-12T15:49:44Z
jonnynews,swissspidy,7993,COMMENTED,2024-12-12T16:26:46Z
swissspidy,narenin,7962,COMMENTED,2024-12-06T14:14:57Z
mukeshpanchal27,narenin,7962,COMMENTED,2024-12-06T14:17:48Z
spacedmonkey,narenin,7962,CHANGES_REQUESTED,2024-12-06T15:23:34Z
narenin,narenin,7962,COMMENTED,2024-12-06T15:50:42Z
narenin,narenin,7962,COMMENTED,2024-12-06T15:51:03Z
narenin,narenin,7962,COMMENTED,2024-12-06T15:51:19Z
mukeshpanchal27,narenin,7962,COMMENTED,2024-12-07T05:25:35Z
narenin,narenin,7962,COMMENTED,2024-12-07T07:12:07Z
narenin,narenin,7962,COMMENTED,2024-12-07T07:12:46Z
mukeshpanchal27,narenin,7962,COMMENTED,2024-12-09T04:29:54Z
narenin,narenin,7962,COMMENTED,2024-12-09T06:08:59Z
spacedmonkey,narenin,7962,CHANGES_REQUESTED,2025-01-18T14:03:32Z
narenin,narenin,7962,COMMENTED,2025-01-23T19:50:30Z
spacedmonkey,narenin,7962,CHANGES_REQUESTED,2025-01-23T20:09:55Z
spacedmonkey,narenin,7962,CHANGES_REQUESTED,2025-01-24T15:59:46Z
mukeshpanchal27,gadelhas,5775,COMMENTED,2023-12-30T06:21:43Z
swissspidy,gadelhas,5775,COMMENTED,2024-07-01T08:00:45Z
afercia,hbhalodia,7579,CHANGES_REQUESTED,2024-10-17T11:29:00Z
audrasjb,hbhalodia,7579,COMMENTED,2025-01-24T11:36:41Z
audrasjb,hbhalodia,7579,COMMENTED,2025-01-24T11:37:12Z
jonnynews,nirajgiriXD,7038,COMMENTED,2024-12-16T09:56:42Z
audrasjb,nirajgiriXD,7038,APPROVED,2025-01-24T10:46:41Z
mukeshpanchal27,Infinite-Null,8178,COMMENTED,2025-01-23T11:12:35Z
sabernhardt,Infinite-Null,8178,COMMENTED,2025-01-23T17:34:15Z
mukeshpanchal27,Infinite-Null,8178,COMMENTED,2025-01-24T05:17:10Z
joedolson,Sukhendu2002,8165,APPROVED,2025-01-23T23:31:48Z
jamieblomerus,prasadkarmalkar,8005,APPROVED,2024-12-20T18:44:58Z
audrasjb,carolinan,7956,APPROVED,2025-01-23T21:43:19Z
apermo,dream-encode,7464,APPROVED,2024-10-29T13:57:07Z
johnbillion,dream-encode,7464,CHANGES_REQUESTED,2025-01-23T21:19:30Z
felixarntz,spacedmonkey,8161,CHANGES_REQUESTED,2025-01-22T19:47:09Z
spacedmonkey,spacedmonkey,8161,COMMENTED,2025-01-23T17:13:04Z
felixarntz,spacedmonkey,8161,COMMENTED,2025-01-23T17:19:06Z
felixarntz,spacedmonkey,8161,COMMENTED,2025-01-23T17:27:42Z
felixarntz,spacedmonkey,8161,COMMENTED,2025-01-23T17:29:34Z
spacedmonkey,spacedmonkey,8161,COMMENTED,2025-01-23T17:49:31Z
spacedmonkey,spacedmonkey,8161,COMMENTED,2025-01-23T17:52:20Z
swissspidy,johnbillion,8176,COMMENTED,2025-01-23T13:22:27Z
swissspidy,johnbillion,8176,APPROVED,2025-01-23T13:22:29Z
desrosj,johnbillion,8176,APPROVED,2025-01-23T15:15:13Z
audrasjb,apermo,7847,APPROVED,2025-01-22T09:08:50Z
apermo,apermo,7847,COMMENTED,2025-01-23T08:33:28Z
desrosj,Infinite-Null,7801,APPROVED,2024-11-19T15:53:02Z
maciejmackowiak,SainathPoojary,7910,APPROVED,2024-11-28T13:00:04Z
mukeshpanchal27,SainathPoojary,7910,CHANGES_REQUESTED,2024-11-29T04:02:18Z
joemcgill,SainathPoojary,7910,CHANGES_REQUESTED,2025-01-22T22:57:14Z
audrasjb,pbearne,8175,CHANGES_REQUESTED,2025-01-22T21:31:28Z
audrasjb,pbearne,8175,APPROVED,2025-01-22T23:21:26Z
audrasjb,pbearne,5694,CHANGES_REQUESTED,2025-01-22T22:42:26Z
felixarntz,pbearne,8016,APPROVED,2025-01-15T17:53:55Z
audrasjb,pbearne,8016,APPROVED,2025-01-22T22:08:28Z
costdev,peterwilsoncc,7103,COMMENTED,2024-07-30T11:15:56Z
peterwilsoncc,peterwilsoncc,7103,COMMENTED,2024-09-05T00:58:35Z
costdev,peterwilsoncc,7103,COMMENTED,2024-09-17T20:51:00Z
costdev,peterwilsoncc,7103,COMMENTED,2024-09-17T20:55:06Z
desrosj,johnbillion,8174,APPROVED,2025-01-22T18:54:23Z
swissspidy,desrosj,8164,APPROVED,2025-01-22T09:02:43Z
swissspidy,desrosj,8163,APPROVED,2025-01-22T09:02:40Z
github-advanced-security[bot],johnbillion,8007,COMMENTED,2025-01-20T11:30:01Z
swissspidy,johnbillion,8007,APPROVED,2025-01-21T16:12:56Z
felixarntz,johnbillion,8007,COMMENTED,2025-01-21T17:57:13Z
swissspidy,johnbillion,8007,COMMENTED,2025-01-21T19:08:42Z
desrosj,johnbillion,8007,COMMENTED,2025-01-21T21:00:49Z
desrosj,johnbillion,8007,APPROVED,2025-01-21T23:57:08Z
johnbillion,johnbillion,8007,COMMENTED,2025-01-22T12:22:05Z
johnbillion,johnbillion,8007,COMMENTED,2025-01-22T12:22:27Z
johnbillion,johnbillion,8007,COMMENTED,2025-01-22T12:23:45Z
desrosj,johnbillion,8146,APPROVED,2025-01-22T11:47:29Z
audrasjb,rinkalpagdar,8114,CHANGES_REQUESTED,2025-01-22T07:42:55Z
peterwilsoncc,peterwilsoncc,7497,COMMENTED,2025-01-19T22:25:54Z
peterwilsoncc,peterwilsoncc,7497,COMMENTED,2025-01-22T01:26:32Z
martinkrcho,Sukhendu2002,7792,CHANGES_REQUESTED,2025-01-10T06:09:35Z
martinkrcho,Sukhendu2002,7792,APPROVED,2025-01-10T08:06:55Z
audrasjb,Sukhendu2002,7792,APPROVED,2025-01-21T22:13:36Z
audrasjb,sabernhardt,8155,APPROVED,2025-01-21T21:25:47Z
mukeshpanchal27,sabernhardt,8157,COMMENTED,2025-01-21T15:51:46Z
audrasjb,sabernhardt,8157,APPROVED,2025-01-21T22:18:15Z
swissspidy,arzola,8140,COMMENTED,2025-01-17T09:25:36Z
swissspidy,arzola,8140,COMMENTED,2025-01-17T09:27:22Z
arzola,arzola,8140,COMMENTED,2025-01-17T11:41:19Z
arzola,arzola,8140,COMMENTED,2025-01-17T13:10:52Z
westonruter,arzola,8140,COMMENTED,2025-01-17T17:53:58Z
arzola,arzola,8140,COMMENTED,2025-01-17T18:24:16Z
arzola,arzola,8140,COMMENTED,2025-01-17T18:31:41Z
arzola,arzola,8140,COMMENTED,2025-01-17T19:27:31Z
westonruter,arzola,8140,COMMENTED,2025-01-17T19:33:14Z
arzola,arzola,8140,COMMENTED,2025-01-17T19:42:04Z
westonruter,arzola,8140,COMMENTED,2025-01-17T19:51:02Z
arzola,arzola,8140,COMMENTED,2025-01-17T20:44:36Z
westonruter,arzola,8140,COMMENTED,2025-01-17T20:52:49Z
westonruter,arzola,8140,APPROVED,2025-01-17T21:40:20Z
mukeshpanchal27,arzola,8140,COMMENTED,2025-01-21T05:59:14Z
spacedmonkey,arzola,8140,APPROVED,2025-01-21T19:07:33Z
desrosj,johnbillion,7796,APPROVED,2025-01-21T15:06:21Z
mukeshpanchal27,iflair,8154,COMMENTED,2025-01-21T15:25:27Z
desrosj,johnbillion,7971,CHANGES_REQUESTED,2024-12-11T13:38:20Z
johnbillion,Kevinlearynet,7240,CHANGES_REQUESTED,2025-01-21T01:13:39Z
mukeshpanchal27,andreilupu,8150,APPROVED,2025-01-21T05:05:14Z
mukeshpanchal27,Sukhendu2002,8148,COMMENTED,2025-01-21T05:41:06Z
mukeshpanchal27,Sukhendu2002,8148,COMMENTED,2025-01-21T05:42:28Z
mukeshpanchal27,Sukhendu2002,8148,COMMENTED,2025-01-21T05:43:27Z
mukeshpanchal27,Sukhendu2002,8148,COMMENTED,2025-01-21T05:43:45Z
mukeshpanchal27,Sukhendu2002,8148,COMMENTED,2025-01-21T05:44:01Z
mukeshpanchal27,johnbillion,8147,APPROVED,2025-01-21T05:49:55Z
CypherReymax96,johnbillion,7639,APPROVED,2024-10-24T17:09:35Z
audrasjb,johnbillion,7639,APPROVED,2024-12-21T05:59:40Z
spacedmonkey,spacedmonkey,4216,COMMENTED,2024-11-17T10:24:30Z
joemcgill,spacedmonkey,4216,COMMENTED,2024-12-10T17:12:01Z
spacedmonkey,spacedmonkey,4216,COMMENTED,2025-01-12T17:01:00Z
spacedmonkey,spacedmonkey,4216,COMMENTED,2025-01-12T17:02:21Z
peterwilsoncc,spacedmonkey,4216,COMMENTED,2025-01-14T21:36:34Z
spacedmonkey,spacedmonkey,4216,COMMENTED,2025-01-19T03:04:31Z
peterwilsoncc,spacedmonkey,4216,COMMENTED,2025-01-19T21:11:15Z
spacedmonkey,spacedmonkey,4216,COMMENTED,2025-01-20T20:12:58Z
peterwilsoncc,spacedmonkey,4216,COMMENTED,2025-01-20T20:48:57Z
swissspidy,felixarntz,8130,COMMENTED,2025-01-16T09:30:10Z
gziolo,felixarntz,8130,COMMENTED,2025-01-16T14:01:06Z
felixarntz,felixarntz,8130,COMMENTED,2025-01-16T15:21:05Z
mukeshpanchal27,himanshupathak95,8141,COMMENTED,2025-01-20T06:56:58Z
himanshupathak95,himanshupathak95,8141,COMMENTED,2025-01-20T07:40:05Z
mukeshpanchal27,himanshupathak95,8141,COMMENTED,2025-01-20T10:07:51Z
swissspidy,DAreRodz,7460,COMMENTED,2024-09-30T13:26:16Z
swissspidy,DAreRodz,7460,COMMENTED,2024-09-30T13:26:24Z
DAreRodz,DAreRodz,7460,COMMENTED,2024-09-30T14:06:43Z
cbravobernal,DAreRodz,7460,COMMENTED,2024-09-30T14:22:58Z
cbravobernal,DAreRodz,7460,COMMENTED,2024-09-30T14:23:15Z
DAreRodz,DAreRodz,7460,COMMENTED,2024-09-30T16:26:10Z
DAreRodz,DAreRodz,7460,COMMENTED,2024-09-30T16:26:18Z
michalczaplinski,DAreRodz,7460,APPROVED,2024-09-30T16:51:05Z
swissspidy,DAreRodz,7460,COMMENTED,2024-09-30T17:59:43Z
swissspidy,DAreRodz,7460,COMMENTED,2024-09-30T17:59:47Z
westonruter,DAreRodz,7460,COMMENTED,2024-09-30T20:38:37Z
westonruter,DAreRodz,7460,COMMENTED,2024-09-30T20:38:59Z
westonruter,DAreRodz,7460,COMMENTED,2024-09-30T20:39:30Z
michalczaplinski,DAreRodz,7460,COMMENTED,2024-10-01T16:54:10Z
michalczaplinski,DAreRodz,7460,COMMENTED,2024-10-01T16:54:21Z
michalczaplinski,DAreRodz,7460,COMMENTED,2024-10-01T16:54:31Z
michalczaplinski,DAreRodz,7460,COMMENTED,2024-10-01T16:54:37Z
michalczaplinski,DAreRodz,7460,COMMENTED,2024-10-01T16:54:56Z
luisherranz,DAreRodz,7460,COMMENTED,2024-11-13T16:17:22Z
luisherranz,DAreRodz,7460,COMMENTED,2025-01-08T08:13:24Z
dmsnell,DAreRodz,7460,COMMENTED,2025-01-18T01:41:15Z
luisherranz,DAreRodz,7460,COMMENTED,2025-01-20T06:13:23Z
hellofromtonya,anton-vlasenko,6500,COMMENTED,2024-09-25T20:04:43Z
hellofromtonya,anton-vlasenko,6500,COMMENTED,2024-09-25T20:13:52Z
anton-vlasenko,anton-vlasenko,6500,COMMENTED,2024-09-30T12:22:19Z
anton-vlasenko,anton-vlasenko,6500,COMMENTED,2024-09-30T13:06:33Z
anton-vlasenko,anton-vlasenko,6500,COMMENTED,2024-10-18T12:10:38Z
xateman,apermo,8142,APPROVED,2025-01-19T23:03:45Z
felixarntz,spacedmonkey,5098,CHANGES_REQUESTED,2025-01-15T18:26:18Z
peterwilsoncc,spacedmonkey,5098,COMMENTED,2025-01-16T04:26:53Z
swissspidy,desrosj,8139,COMMENTED,2025-01-17T09:12:57Z
swissspidy,desrosj,8139,APPROVED,2025-01-17T09:18:53Z
soatok,johnbillion,7333,COMMENTED,2024-11-20T17:03:09Z
soatok,johnbillion,7333,COMMENTED,2024-11-20T17:05:19Z
calvinalkan,johnbillion,7333,COMMENTED,2024-12-26T20:36:36Z
calvinalkan,johnbillion,7333,COMMENTED,2025-01-07T18:56:13Z
calvinalkan,johnbillion,7333,COMMENTED,2025-01-07T18:58:36Z
johnbillion,johnbillion,7333,COMMENTED,2025-01-07T21:06:49Z
calvinalkan,johnbillion,7333,COMMENTED,2025-01-07T23:02:37Z
johnbillion,johnbillion,7333,COMMENTED,2025-01-07T23:10:50Z
calvinalkan,johnbillion,7333,COMMENTED,2025-01-07T23:17:09Z
calvinalkan,johnbillion,7333,COMMENTED,2025-01-07T23:27:52Z
johnbillion,johnbillion,7333,COMMENTED,2025-01-07T23:30:45Z
calvinalkan,johnbillion,7333,COMMENTED,2025-01-07T23:30:57Z
calvinalkan,johnbillion,7333,COMMENTED,2025-01-07T23:36:20Z
calvinalkan,johnbillion,7333,COMMENTED,2025-01-07T23:39:15Z
johnbillion,johnbillion,7333,COMMENTED,2025-01-07T23:40:31Z
calvinalkan,johnbillion,7333,COMMENTED,2025-01-07T23:41:11Z
johnbillion,johnbillion,7333,COMMENTED,2025-01-07T23:43:00Z
calvinalkan,johnbillion,7333,COMMENTED,2025-01-07T23:45:31Z
calvinalkan,johnbillion,7333,COMMENTED,2025-01-07T23:48:10Z
johnbillion,johnbillion,7333,COMMENTED,2025-01-07T23:54:43Z
soatok,johnbillion,7333,COMMENTED,2025-01-08T01:28:59Z
Slavco,johnbillion,7333,COMMENTED,2025-01-09T21:24:24Z
TimothyBJacobs,johnbillion,7333,COMMENTED,2025-01-16T22:07:27Z
johnbillion,johnbillion,7333,COMMENTED,2025-01-16T22:26:57Z
gziolo,dlh01,7344,COMMENTED,2024-09-13T10:16:28Z
gziolo,dlh01,7344,COMMENTED,2024-09-13T10:20:44Z
gziolo,dlh01,7344,COMMENTED,2024-09-13T10:22:39Z
mukeshpanchal27,dlh01,7344,COMMENTED,2024-10-08T12:02:54Z
mukeshpanchal27,mukeshpanchal27,7522,COMMENTED,2024-10-07T12:43:06Z
mukeshpanchal27,mukeshpanchal27,7522,COMMENTED,2024-10-07T13:21:03Z
felixarntz,mukeshpanchal27,7522,COMMENTED,2024-10-08T15:57:20Z
gziolo,mukeshpanchal27,7522,COMMENTED,2024-10-09T05:28:28Z
mukeshpanchal27,mukeshpanchal27,7522,COMMENTED,2024-10-09T06:25:33Z
mukeshpanchal27,mukeshpanchal27,7522,COMMENTED,2024-10-09T06:44:57Z
gziolo,mukeshpanchal27,7522,COMMENTED,2024-10-09T09:48:10Z
gziolo,mukeshpanchal27,7522,COMMENTED,2024-10-09T09:57:12Z
felixarntz,mukeshpanchal27,7522,COMMENTED,2024-10-09T17:59:58Z
dlh01,mukeshpanchal27,7522,COMMENTED,2024-10-09T18:18:22Z
mukeshpanchal27,mukeshpanchal27,7522,COMMENTED,2024-10-10T07:18:34Z
gziolo,mukeshpanchal27,7522,COMMENTED,2024-10-10T07:23:59Z
mukeshpanchal27,mukeshpanchal27,7522,COMMENTED,2024-10-10T08:05:51Z
mukeshpanchal27,mukeshpanchal27,7522,COMMENTED,2024-10-10T11:24:30Z
mukeshpanchal27,mukeshpanchal27,7522,COMMENTED,2024-10-10T11:36:36Z
felixarntz,mukeshpanchal27,7522,COMMENTED,2024-10-10T14:29:31Z
felixarntz,mukeshpanchal27,7522,APPROVED,2024-10-10T14:30:41Z
mukeshpanchal27,mukeshpanchal27,7522,COMMENTED,2024-10-10T14:52:16Z
dlh01,mukeshpanchal27,7522,COMMENTED,2024-10-10T17:03:42Z
joemcgill,mukeshpanchal27,7522,CHANGES_REQUESTED,2024-10-10T21:01:25Z
felixarntz,mukeshpanchal27,7522,CHANGES_REQUESTED,2024-10-11T18:47:01Z
felixarntz,mukeshpanchal27,7522,COMMENTED,2024-10-15T17:00:51Z
mukeshpanchal27,mukeshpanchal27,7522,COMMENTED,2024-10-16T05:55:57Z
mukeshpanchal27,mukeshpanchal27,7522,COMMENTED,2024-10-16T06:38:08Z
gziolo,mukeshpanchal27,7522,COMMENTED,2024-10-16T07:29:36Z
SantosGuillamot,mukeshpanchal27,7522,COMMENTED,2024-10-16T07:55:53Z
mukeshpanchal27,mukeshpanchal27,7522,COMMENTED,2024-10-16T10:05:10Z
felixarntz,mukeshpanchal27,7522,COMMENTED,2024-10-16T17:07:33Z
mukeshpanchal27,mukeshpanchal27,7522,COMMENTED,2024-10-17T04:29:34Z
mukeshpanchal27,mukeshpanchal27,7522,COMMENTED,2024-10-17T04:32:33Z
jonnynews,joemcgill,8030,COMMENTED,2024-12-20T17:17:04Z
joemcgill,joemcgill,8030,COMMENTED,2024-12-20T17:37:50Z
siliconforks,joemcgill,8030,COMMENTED,2024-12-20T20:55:15Z
joemcgill,joemcgill,8030,COMMENTED,2024-12-23T14:13:15Z
peterwilsoncc,joemcgill,8030,APPROVED,2025-01-05T22:21:10Z
rmccue,joemcgill,8030,APPROVED,2025-01-10T13:27:11Z
sabernhardt,sabernhardt,5920,COMMENTED,2024-01-22T06:21:27Z
sabernhardt,sabernhardt,5920,COMMENTED,2024-01-22T06:30:48Z
sabernhardt,sabernhardt,5920,COMMENTED,2024-01-22T06:32:38Z
sabernhardt,sabernhardt,5920,COMMENTED,2024-01-22T06:35:24Z
sabernhardt,sabernhardt,5920,COMMENTED,2024-01-22T06:49:16Z
sabernhardt,sabernhardt,5920,COMMENTED,2024-07-16T20:59:09Z
mukeshpanchal27,sabernhardt,7205,COMMENTED,2024-08-23T09:12:13Z
sabernhardt,sabernhardt,7205,COMMENTED,2024-08-23T11:54:22Z
sabernhardt,sabernhardt,7205,COMMENTED,2024-08-27T02:15:28Z
ironprogrammer,anton-vlasenko,7970,COMMENTED,2024-12-09T19:52:46Z
anton-vlasenko,anton-vlasenko,7970,COMMENTED,2024-12-09T23:23:05Z
anton-vlasenko,anton-vlasenko,7970,COMMENTED,2024-12-09T23:23:42Z
anton-vlasenko,anton-vlasenko,7970,COMMENTED,2024-12-09T23:23:47Z
anton-vlasenko,anton-vlasenko,7970,COMMENTED,2024-12-09T23:23:51Z
anton-vlasenko,anton-vlasenko,7970,COMMENTED,2024-12-09T23:23:54Z
swissspidy,anton-vlasenko,7970,COMMENTED,2024-12-11T22:01:42Z
anton-vlasenko,anton-vlasenko,7970,COMMENTED,2024-12-12T00:07:57Z
spacedmonkey,anton-vlasenko,7970,CHANGES_REQUESTED,2024-12-13T11:21:53Z
anton-vlasenko,anton-vlasenko,7970,COMMENTED,2024-12-14T01:53:05Z
jonnynews,anton-vlasenko,7970,COMMENTED,2024-12-17T18:14:34Z
spacedmonkey,anton-vlasenko,7970,APPROVED,2024-12-27T14:35:47Z
mukeshpanchal27,anton-vlasenko,7970,COMMENTED,2025-01-05T16:32:44Z
anton-vlasenko,anton-vlasenko,7970,COMMENTED,2025-01-06T14:06:32Z
spacedmonkey,anton-vlasenko,7970,APPROVED,2025-01-16T21:22:55Z
desrosj,johnbillion,8135,APPROVED,2025-01-16T16:51:26Z
swissspidy,johnbillion,8135,APPROVED,2025-01-16T18:43:35Z
desrosj,johnbillion,8136,APPROVED,2025-01-16T16:49:38Z
swissspidy,johnbillion,8136,APPROVED,2025-01-16T18:44:05Z
peterwilsoncc,Sukhendu2002,7829,APPROVED,2025-01-16T23:14:17Z
peterwilsoncc,rishishah-multidots,7488,CHANGES_REQUESTED,2025-01-16T22:52:33Z
swissspidy,desrosj,8126,COMMENTED,2025-01-15T20:11:34Z
swissspidy,desrosj,8126,COMMENTED,2025-01-15T20:12:48Z
mukeshpanchal27,desrosj,8126,COMMENTED,2025-01-16T12:33:11Z
swissspidy,desrosj,8127,COMMENTED,2025-01-15T20:14:05Z
swissspidy,desrosj,8127,COMMENTED,2025-01-15T20:16:34Z
swissspidy,desrosj,8127,COMMENTED,2025-01-15T20:17:14Z
swissspidy,desrosj,8019,APPROVED,2024-12-18T14:49:36Z
peterwilsoncc,johnbillion,8097,COMMENTED,2025-01-07T23:46:45Z
swissspidy,desrosj,8134,APPROVED,2025-01-16T15:29:01Z
swissspidy,felixarntz,8129,COMMENTED,2025-01-15T20:20:04Z
felixarntz,felixarntz,8129,COMMENTED,2025-01-15T21:10:07Z
swissspidy,felixarntz,8129,COMMENTED,2025-01-15T22:19:02Z
mukeshpanchal27,felixarntz,8129,COMMENTED,2025-01-16T12:39:37Z
felixarntz,felixarntz,8131,COMMENTED,2025-01-15T23:37:18Z
felixarntz,felixarntz,8026,COMMENTED,2024-12-19T11:30:13Z
swissspidy,felixarntz,8026,COMMENTED,2024-12-19T13:17:01Z
noamr,felixarntz,8026,COMMENTED,2024-12-19T20:58:24Z
noamr,felixarntz,8026,COMMENTED,2024-12-19T21:05:33Z
noamr,felixarntz,8026,COMMENTED,2024-12-19T21:06:29Z
bramus,felixarntz,8026,COMMENTED,2024-12-19T21:09:16Z
felixarntz,felixarntz,8026,COMMENTED,2025-01-10T19:10:56Z
apermo,pbearne,8021,APPROVED,2024-12-24T15:06:45Z
apermo,pbearne,8021,APPROVED,2024-12-29T22:36:29Z
felixarntz,pbearne,8021,APPROVED,2025-01-15T17:53:40Z
sabernhardt,dhruvang21,7500,COMMENTED,2024-10-04T17:59:05Z
mukeshpanchal27,zetrider,7426,CHANGES_REQUESTED,2024-09-24T10:52:16Z
zetrider,zetrider,7426,COMMENTED,2024-09-24T17:25:33Z
zetrider,zetrider,7426,COMMENTED,2024-09-24T17:25:37Z
martinkrcho,zetrider,7426,COMMENTED,2024-09-25T09:02:54Z
martinkrcho,zetrider,7426,COMMENTED,2024-09-25T09:07:00Z
martinkrcho,zetrider,7426,COMMENTED,2024-09-25T09:08:16Z
mukeshpanchal27,zetrider,7426,COMMENTED,2024-09-25T10:19:31Z
mukeshpanchal27,zetrider,7426,COMMENTED,2024-09-25T10:22:40Z
martinkrcho,zetrider,7426,COMMENTED,2024-09-27T03:20:53Z
martinkrcho,zetrider,7426,APPROVED,2024-09-27T09:11:01Z
mukeshpanchal27,zetrider,7426,COMMENTED,2024-11-05T12:30:08Z
mukeshpanchal27,zetrider,7426,APPROVED,2025-01-09T16:31:00Z
swissspidy,zetrider,7426,COMMENTED,2025-01-15T16:24:13Z
swissspidy,zetrider,7426,COMMENTED,2025-01-15T16:25:56Z
mukeshpanchal27,pbearne,7154,COMMENTED,2024-09-03T09:57:35Z
felixarntz,pbearne,7154,CHANGES_REQUESTED,2024-09-11T23:07:15Z
pbearne,pbearne,7154,COMMENTED,2024-09-12T21:52:28Z
felixarntz,pbearne,7154,COMMENTED,2024-09-23T22:36:34Z
swissspidy,desrosj,8124,APPROVED,2025-01-15T15:22:46Z
spacedmonkey,anton-vlasenko,7272,COMMENTED,2024-10-09T17:11:41Z
spacedmonkey,anton-vlasenko,7272,APPROVED,2024-10-15T19:06:29Z
kadamwhite,anton-vlasenko,7272,APPROVED,2024-10-25T10:57:40Z
aristath,SergeyBiryukov,3873,APPROVED,2024-09-06T06:32:39Z
peterwilsoncc,SergeyBiryukov,3873,CHANGES_REQUESTED,2024-09-08T22:27:27Z
desrosj,swissspidy,8116,APPROVED,2025-01-13T16:58:16Z
martinkrcho,Debarghya-Banerjee,7530,APPROVED,2025-01-13T04:42:58Z
audrasjb,d-alleyne,8031,APPROVED,2024-12-21T21:26:17Z
oandregal,d-alleyne,8031,COMMENTED,2024-12-23T11:04:34Z
oandregal,d-alleyne,8031,COMMENTED,2024-12-23T11:04:48Z
oandregal,d-alleyne,8031,COMMENTED,2024-12-23T11:47:46Z
oandregal,d-alleyne,8031,COMMENTED,2024-12-23T11:58:13Z
oandregal,d-alleyne,8031,COMMENTED,2024-12-23T16:09:57Z
d-alleyne,d-alleyne,8031,COMMENTED,2025-01-06T14:56:44Z
wprashed,wprashed,3845,COMMENTED,2023-01-22T07:36:48Z
swissspidy,felixarntz,7860,COMMENTED,2024-11-21T19:41:07Z
westonruter,felixarntz,7860,CHANGES_REQUESTED,2024-11-21T19:44:42Z
felixarntz,felixarntz,7860,COMMENTED,2024-11-21T22:29:41Z
felixarntz,felixarntz,7860,COMMENTED,2024-11-21T22:30:55Z
felixarntz,felixarntz,7860,COMMENTED,2024-11-21T22:31:23Z
felixarntz,felixarntz,7860,COMMENTED,2024-11-21T22:32:24Z
westonruter,felixarntz,7860,COMMENTED,2024-11-22T00:41:26Z
westonruter,felixarntz,7860,COMMENTED,2024-11-22T00:43:26Z
westonruter,felixarntz,7860,COMMENTED,2024-11-22T00:44:53Z
westonruter,felixarntz,7860,COMMENTED,2024-11-22T00:47:02Z
felixarntz,felixarntz,7860,COMMENTED,2024-11-23T00:24:18Z
felixarntz,felixarntz,7860,COMMENTED,2024-11-25T16:12:16Z
felixarntz,felixarntz,7860,COMMENTED,2024-11-25T16:12:24Z
felixarntz,felixarntz,7860,COMMENTED,2024-11-25T16:12:31Z
felixarntz,felixarntz,7860,COMMENTED,2024-11-25T16:12:39Z
felixarntz,felixarntz,7860,COMMENTED,2024-11-25T16:12:46Z
westonruter,felixarntz,7860,APPROVED,2024-11-25T19:07:48Z
adamsilverstein,felixarntz,7860,COMMENTED,2025-01-10T15:58:19Z
adamsilverstein,felixarntz,7860,COMMENTED,2025-01-10T16:05:22Z
adamsilverstein,felixarntz,7860,COMMENTED,2025-01-10T16:09:31Z
felixarntz,felixarntz,7860,COMMENTED,2025-01-10T16:34:59Z
felixarntz,felixarntz,7860,COMMENTED,2025-01-10T16:36:55Z
swissspidy,felixarntz,7860,COMMENTED,2025-01-10T16:42:18Z
swissspidy,felixarntz,7860,COMMENTED,2025-01-10T16:44:32Z
swissspidy,felixarntz,7860,COMMENTED,2025-01-10T16:46:46Z
swissspidy,felixarntz,7860,COMMENTED,2025-01-10T16:47:52Z
swissspidy,felixarntz,7860,COMMENTED,2025-01-10T16:48:08Z
swissspidy,felixarntz,7860,COMMENTED,2025-01-10T16:48:19Z
swissspidy,felixarntz,7860,COMMENTED,2025-01-10T16:48:43Z
swissspidy,felixarntz,7860,COMMENTED,2025-01-10T16:48:58Z
sabernhardt,viralsampat-multidots,8108,CHANGES_REQUESTED,2025-01-10T17:20:43Z
apermo,adamsilverstein,7629,COMMENTED,2024-10-25T11:45:12Z
apermo,adamsilverstein,7629,COMMENTED,2024-10-25T11:46:02Z
adamsilverstein,adamsilverstein,7629,COMMENTED,2025-01-10T17:02:12Z
Mai-Saad,Sukhendu2002,8104,COMMENTED,2025-01-09T09:22:51Z
Sukhendu2002,Sukhendu2002,8104,COMMENTED,2025-01-09T09:27:36Z
carolinan,Sukhendu2002,8104,COMMENTED,2025-01-09T13:57:38Z
Sukhendu2002,Sukhendu2002,8104,COMMENTED,2025-01-09T17:06:01Z
Sukhendu2002,Sukhendu2002,8104,COMMENTED,2025-01-09T17:07:08Z
sirreal,dmsnell,6982,COMMENTED,2024-08-29T08:45:31Z
mcsf,oandregal,8014,COMMENTED,2025-01-08T15:42:56Z
swissspidy,Sukhendu2002,7937,COMMENTED,2024-12-05T21:37:10Z
swissspidy,Sukhendu2002,7937,COMMENTED,2024-12-05T21:38:49Z
swissspidy,Sukhendu2002,7937,COMMENTED,2024-12-05T21:39:43Z
swissspidy,Sukhendu2002,7937,COMMENTED,2024-12-05T21:41:48Z
swissspidy,Sukhendu2002,7937,COMMENTED,2024-12-05T21:49:20Z
swissspidy,Sukhendu2002,7937,COMMENTED,2024-12-05T21:49:54Z
swissspidy,Sukhendu2002,7937,COMMENTED,2024-12-05T21:52:25Z
swissspidy,Sukhendu2002,7937,COMMENTED,2024-12-05T21:53:50Z
swissspidy,Sukhendu2002,7937,COMMENTED,2024-12-05T21:54:08Z
swissspidy,Sukhendu2002,7937,COMMENTED,2024-12-05T21:54:29Z
swissspidy,Sukhendu2002,7937,COMMENTED,2024-12-05T21:54:40Z
audrasjb,Sukhendu2002,7937,COMMENTED,2024-12-05T23:35:10Z
swissspidy,Sukhendu2002,7937,COMMENTED,2024-12-09T09:03:37Z
swissspidy,Sukhendu2002,7937,APPROVED,2024-12-11T12:44:30Z
sirreal,sirreal,7857,COMMENTED,2024-11-26T18:41:48Z
adamziel,sirreal,7857,COMMENTED,2024-12-10T15:23:16Z
sirreal,sirreal,7857,COMMENTED,2024-12-10T16:52:58Z
adamziel,sirreal,7857,COMMENTED,2024-12-10T17:37:55Z
sirreal,sirreal,7857,COMMENTED,2024-12-10T17:50:24Z
sirreal,sirreal,7857,COMMENTED,2024-12-10T17:52:11Z
adamziel,sirreal,7857,COMMENTED,2024-12-10T23:49:50Z
sirreal,sirreal,7857,COMMENTED,2024-12-11T09:58:15Z
dmsnell,sirreal,7857,COMMENTED,2025-01-08T09:18:49Z
sybrew,adamsilverstein,7366,COMMENTED,2024-10-11T22:44:55Z
adamsilverstein,adamsilverstein,7366,COMMENTED,2024-12-12T23:10:56Z
adamsilverstein,adamsilverstein,7366,COMMENTED,2024-12-13T20:02:54Z
apermo,adamsilverstein,7923,COMMENTED,2024-12-02T11:31:59Z
apermo,adamsilverstein,7923,APPROVED,2024-12-02T14:59:14Z
apermo,Debarghya-Banerjee,7666,APPROVED,2024-10-29T06:22:31Z
sabernhardt,Debarghya-Banerjee,7666,COMMENTED,2024-10-29T15:12:28Z
Debarghya-Banerjee,Debarghya-Banerjee,7666,COMMENTED,2024-10-29T21:35:11Z
joedolson,Debarghya-Banerjee,7666,APPROVED,2024-12-23T22:38:33Z
aaronjorbin,desrosj,7630,COMMENTED,2024-12-18T19:08:34Z
aaronjorbin,desrosj,7630,COMMENTED,2024-12-18T19:09:47Z
aaronjorbin,desrosj,7630,COMMENTED,2024-12-18T19:10:53Z
aaronjorbin,desrosj,7630,COMMENTED,2024-12-18T19:13:08Z
desrosj,desrosj,7630,COMMENTED,2024-12-19T01:55:19Z
desrosj,desrosj,7630,COMMENTED,2024-12-19T01:56:22Z
desrosj,desrosj,7630,COMMENTED,2025-01-07T14:26:18Z
audrasjb,ryelle,8027,APPROVED,2024-12-21T05:53:28Z
kaitohm,Infinite-Null,7866,COMMENTED,2024-12-11T05:19:14Z
kaitohm,Infinite-Null,7866,COMMENTED,2024-12-11T05:20:09Z
kaitohm,Infinite-Null,7866,CHANGES_REQUESTED,2024-12-11T05:21:23Z
kaitohm,Infinite-Null,7866,APPROVED,2025-01-07T04:13:14Z
sirreal,sirreal,8024,COMMENTED,2024-12-19T13:48:42Z
sirreal,sirreal,8024,COMMENTED,2024-12-19T17:29:26Z
westonruter,sirreal,8024,COMMENTED,2025-01-07T01:01:58Z
westonruter,sirreal,8024,COMMENTED,2025-01-07T01:09:19Z
westonruter,sirreal,8024,COMMENTED,2025-01-07T01:14:42Z
westonruter,sirreal,8024,COMMENTED,2025-01-07T01:16:30Z
mukeshpanchal27,mukeshpanchal27,8072,COMMENTED,2025-01-02T06:06:04Z
mukeshpanchal27,mukeshpanchal27,8072,COMMENTED,2025-01-02T06:32:27Z
mukeshpanchal27,mukeshpanchal27,8072,COMMENTED,2025-01-02T07:05:37Z
mukeshpanchal27,mukeshpanchal27,8072,COMMENTED,2025-01-02T07:14:57Z
mukeshpanchal27,mukeshpanchal27,8072,COMMENTED,2025-01-02T07:16:23Z
felixarntz,mukeshpanchal27,8072,APPROVED,2025-01-02T16:01:49Z
mukeshpanchal27,mukeshpanchal27,8072,COMMENTED,2025-01-06T04:38:37Z
swissspidy,mukeshpanchal27,8072,COMMENTED,2025-01-06T09:23:28Z
swissspidy,mukeshpanchal27,8072,COMMENTED,2025-01-06T09:24:23Z
swissspidy,mukeshpanchal27,8072,COMMENTED,2025-01-06T09:25:45Z
swissspidy,mukeshpanchal27,8072,COMMENTED,2025-01-06T09:27:04Z
mukeshpanchal27,mukeshpanchal27,8072,COMMENTED,2025-01-06T09:49:19Z
mukeshpanchal27,mukeshpanchal27,8072,COMMENTED,2025-01-06T09:50:22Z
swissspidy,mukeshpanchal27,8072,COMMENTED,2025-01-06T10:34:12Z
mukeshpanchal27,mukeshpanchal27,8072,COMMENTED,2025-01-06T11:22:45Z
swissspidy,mukeshpanchal27,8072,COMMENTED,2025-01-06T12:25:36Z
mukeshpanchal27,mukeshpanchal27,8072,COMMENTED,2025-01-06T12:50:24Z
swissspidy,mukeshpanchal27,8072,COMMENTED,2025-01-06T15:20:46Z
swissspidy,mukeshpanchal27,8072,APPROVED,2025-01-06T16:40:45Z
felixarntz,mukeshpanchal27,8072,COMMENTED,2025-01-06T16:44:48Z
swissspidy,mukeshpanchal27,8072,COMMENTED,2025-01-06T16:51:15Z
felixarntz,mukeshpanchal27,8072,COMMENTED,2025-01-06T18:55:25Z
felixarntz,mukeshpanchal27,8072,APPROVED,2025-01-06T18:59:21Z
desrosj,mukeshpanchal27,8072,COMMENTED,2025-01-06T20:10:01Z
felixarntz,mukeshpanchal27,8072,COMMENTED,2025-01-06T21:11:11Z
swissspidy,swissspidy,6515,COMMENTED,2024-12-17T13:58:49Z
felixarntz,swissspidy,6515,COMMENTED,2024-12-18T10:50:00Z
swissspidy,swissspidy,6515,COMMENTED,2024-12-18T10:52:20Z
swissspidy,swissspidy,6515,COMMENTED,2024-12-18T11:01:32Z
swissspidy,swissspidy,6515,COMMENTED,2024-12-18T11:17:28Z
felixarntz,swissspidy,6515,COMMENTED,2024-12-18T11:26:46Z
swissspidy,swissspidy,6515,COMMENTED,2024-12-18T11:34:08Z
felixarntz,swissspidy,6515,APPROVED,2024-12-19T09:55:50Z
swissspidy,swissspidy,6515,COMMENTED,2024-12-19T10:10:31Z
swissspidy,swissspidy,6515,COMMENTED,2024-12-19T10:11:57Z
swissspidy,swissspidy,6515,COMMENTED,2024-12-19T10:14:41Z
swissspidy,swissspidy,6515,COMMENTED,2024-12-19T10:20:03Z
swissspidy,swissspidy,6515,COMMENTED,2024-12-19T10:30:32Z
swissspidy,swissspidy,6515,COMMENTED,2024-12-19T10:38:58Z
desrosj,swissspidy,6515,COMMENTED,2024-12-19T11:02:53Z
desrosj,swissspidy,6515,COMMENTED,2024-12-19T11:04:17Z
swissspidy,swissspidy,6515,COMMENTED,2024-12-19T13:07:37Z
swissspidy,swissspidy,6515,COMMENTED,2024-12-19T13:29:11Z
desrosj,swissspidy,6515,COMMENTED,2024-12-19T13:31:44Z
swissspidy,swissspidy,6515,COMMENTED,2024-12-19T13:45:21Z
desrosj,swissspidy,6515,COMMENTED,2024-12-20T13:25:38Z
felixarntz,swissspidy,6515,APPROVED,2025-01-02T17:04:28Z
felixarntz,peterwilsoncc,8070,APPROVED,2025-01-02T16:43:47Z
mukeshpanchal27,Sukhendu2002,8087,COMMENTED,2025-01-06T06:10:05Z
Sukhendu2002,Sukhendu2002,8087,COMMENTED,2025-01-06T06:33:23Z
kadamwhite,joemcgill,8004,APPROVED,2024-12-13T23:48:59Z
mukeshpanchal27,AakifKadiwala,8073,COMMENTED,2025-01-02T09:44:23Z
mukeshpanchal27,AakifKadiwala,8073,COMMENTED,2025-01-03T06:51:01Z
AakifKadiwala,AakifKadiwala,8073,COMMENTED,2025-01-03T10:04:54Z
szepeviktor,deepakrohillas,6553,COMMENTED,2024-05-16T08:22:48Z
szepeviktor,deepakrohillas,6553,APPROVED,2024-07-19T10:05:29Z
carolinan,carolinan,7694,COMMENTED,2024-10-31T12:16:03Z
mukeshpanchal27,pbearne,8064,CHANGES_REQUESTED,2024-12-31T04:36:40Z
Debarghya-Banerjee,aslamdoctor,6932,CHANGES_REQUESTED,2024-07-10T21:40:41Z
spacedmonkey,ramonjd,7773,CHANGES_REQUESTED,2024-12-09T11:33:42Z
ramonjd,ramonjd,7773,COMMENTED,2024-12-09T23:37:16Z
ramonjd,ramonjd,7773,COMMENTED,2024-12-10T01:19:10Z
ramonjd,ramonjd,7773,COMMENTED,2024-12-10T01:30:48Z
ramonjd,ramonjd,7773,COMMENTED,2024-12-10T02:01:49Z
ramonjd,ramonjd,7773,COMMENTED,2024-12-10T02:29:08Z
mukeshpanchal27,im3dabasia,8038,COMMENTED,2024-12-23T14:51:52Z
im3dabasia,im3dabasia,8038,COMMENTED,2024-12-23T19:02:54Z
andrewserong,andrewserong,7069,COMMENTED,2024-07-23T06:58:55Z
ramonjd,andrewserong,7069,COMMENTED,2024-12-04T04:28:14Z
aaronrobertshaw,andrewserong,7069,COMMENTED,2024-12-04T04:35:45Z
aaronrobertshaw,andrewserong,7069,COMMENTED,2024-12-04T04:42:48Z
aaronrobertshaw,andrewserong,7069,COMMENTED,2024-12-04T07:23:14Z
aaronrobertshaw,andrewserong,7069,COMMENTED,2024-12-04T07:47:45Z
ramonjd,andrewserong,7069,APPROVED,2024-12-05T04:03:34Z
antpb,joedolson,6269,APPROVED,2024-03-15T00:40:19Z
audrasjb,timse201,8033,APPROVED,2024-12-22T18:58:56Z
audrasjb,pbearne,7767,COMMENTED,2024-12-21T06:05:31Z
mukeshpanchal27,shail-mehta,8032,APPROVED,2024-12-21T12:44:48Z
audrasjb,Sukhendu2002,7894,APPROVED,2024-12-21T21:34:43Z
apermo,JasonSa19,8029,CHANGES_REQUESTED,2024-12-20T09:47:42Z
apermo,JasonSa19,8029,APPROVED,2024-12-20T09:53:57Z
sirreal,dmsnell,5949,COMMENTED,2024-12-20T10:03:39Z
apermo,yogeshbhutkar,7768,APPROVED,2024-11-12T08:18:46Z
peterwilsoncc,yogeshbhutkar,7768,COMMENTED,2024-12-15T23:22:37Z
yogeshbhutkar,yogeshbhutkar,7768,COMMENTED,2024-12-16T03:31:36Z
peterwilsoncc,yogeshbhutkar,7768,APPROVED,2024-12-19T21:46:09Z
peterwilsoncc,yogeshbhutkar,7951,APPROVED,2024-12-15T23:14:24Z
swissspidy,sirreal,8009,COMMENTED,2024-12-16T16:26:46Z
sirreal,sirreal,8009,COMMENTED,2024-12-16T19:13:17Z
sirreal,sirreal,8009,COMMENTED,2024-12-17T09:01:44Z
sirreal,sirreal,8009,COMMENTED,2024-12-17T09:02:09Z
swissspidy,sirreal,8009,COMMENTED,2024-12-18T12:33:22Z
swissspidy,sirreal,8009,COMMENTED,2024-12-18T12:34:12Z
ockham,ockham,7898,COMMENTED,2024-11-26T20:26:09Z
ockham,ockham,7898,COMMENTED,2024-11-26T20:35:54Z
ockham,ockham,7898,COMMENTED,2024-11-26T20:39:27Z
ockham,ockham,7898,COMMENTED,2024-11-27T19:01:09Z
ockham,ockham,7898,COMMENTED,2024-11-27T19:38:48Z
ockham,ockham,7898,COMMENTED,2024-11-28T13:14:14Z
ockham,ockham,7898,COMMENTED,2024-11-28T13:14:36Z
ockham,ockham,7898,COMMENTED,2024-11-28T14:54:00Z
ockham,ockham,7898,COMMENTED,2024-11-28T15:01:05Z
gziolo,ockham,7898,COMMENTED,2024-12-03T05:25:31Z
gziolo,ockham,7898,COMMENTED,2024-12-03T05:46:10Z
ockham,ockham,7898,COMMENTED,2024-12-03T10:06:55Z
gziolo,ockham,7898,COMMENTED,2024-12-03T10:11:05Z
ockham,ockham,7898,COMMENTED,2024-12-03T10:12:48Z
gziolo,ockham,7898,COMMENTED,2024-12-03T10:14:14Z
ockham,ockham,7898,COMMENTED,2024-12-03T10:33:55Z
ockham,ockham,7898,COMMENTED,2024-12-03T10:37:47Z
ockham,ockham,7898,COMMENTED,2024-12-03T10:41:52Z
ockham,ockham,7898,COMMENTED,2024-12-03T11:14:28Z
ockham,ockham,7898,COMMENTED,2024-12-03T11:24:39Z
ockham,ockham,7898,COMMENTED,2024-12-03T11:36:36Z
ockham,ockham,7898,COMMENTED,2024-12-03T17:24:08Z
ockham,ockham,7898,COMMENTED,2024-12-03T17:30:44Z
ockham,ockham,7898,COMMENTED,2024-12-03T17:52:44Z
ockham,ockham,7898,COMMENTED,2024-12-04T12:10:29Z
sirreal,ockham,7898,APPROVED,2024-12-13T12:36:22Z
ockham,ockham,7898,COMMENTED,2024-12-16T14:40:36Z
ockham,ockham,7898,COMMENTED,2024-12-16T14:50:42Z
ockham,ockham,7898,COMMENTED,2024-12-16T17:01:37Z
sirreal,ockham,7898,COMMENTED,2024-12-17T09:36:10Z
mukeshpanchal27,ockham,8015,COMMENTED,2024-12-19T04:28:19Z
gziolo,ockham,8015,APPROVED,2024-12-19T10:02:44Z
ockham,ockham,8015,COMMENTED,2024-12-19T13:12:48Z
mukeshpanchal27,mukeshpanchal27,8025,COMMENTED,2024-12-19T11:23:14Z
mukeshpanchal27,kkmuffme,8023,APPROVED,2024-12-19T09:17:06Z
carolinan,vasilpichurov,7878,COMMENTED,2024-11-26T07:17:03Z
carolinan,vasilpichurov,7878,COMMENTED,2024-11-26T07:17:46Z
carolinan,vasilpichurov,7878,COMMENTED,2024-11-26T07:18:32Z
apermo,im3dabasia,7884,APPROVED,2024-11-25T14:38:04Z
joedolson,im3dabasia,7884,APPROVED,2024-11-26T16:52:50Z
desrosj,worais,6179,COMMENTED,2024-11-20T01:46:56Z
devhaozi,worais,6179,COMMENTED,2024-11-21T14:07:42Z
sirreal,desrosj,7602,APPROVED,2024-11-08T11:54:14Z
desrosj,desrosj,7602,COMMENTED,2024-12-17T14:03:44Z
desrosj,desrosj,7602,COMMENTED,2024-12-17T14:26:42Z
sirreal,desrosj,7602,COMMENTED,2024-12-17T14:51:52Z
sirreal,desrosj,7602,APPROVED,2024-12-17T14:56:15Z
aaronjorbin,desrosj,7602,COMMENTED,2024-12-17T14:58:54Z
desrosj,desrosj,7602,COMMENTED,2024-12-17T16:01:16Z
sirreal,desrosj,7602,COMMENTED,2024-12-17T16:03:31Z
aaronjorbin,desrosj,7602,COMMENTED,2024-12-17T16:10:13Z
aaronjorbin,desrosj,7602,APPROVED,2024-12-17T16:10:29Z
costdev,costdev,6546,COMMENTED,2024-05-13T23:14:11Z
sirreal,costdev,6546,APPROVED,2024-05-14T10:07:46Z
costdev,costdev,6546,COMMENTED,2024-05-14T10:09:17Z
sirreal,costdev,6546,COMMENTED,2024-05-14T10:10:30Z
costdev,costdev,6546,COMMENTED,2024-05-14T10:42:06Z
costdev,costdev,6546,COMMENTED,2024-05-14T10:44:49Z
sirreal,costdev,6546,COMMENTED,2024-05-14T10:56:04Z
costdev,costdev,6546,COMMENTED,2024-05-14T11:13:11Z
costdev,costdev,6546,COMMENTED,2024-05-14T11:19:45Z
sirreal,costdev,6546,COMMENTED,2024-05-14T11:53:38Z
costdev,costdev,6546,COMMENTED,2024-05-14T11:59:22Z
sirreal,costdev,6546,APPROVED,2024-05-14T12:13:29Z
desrosj,costdev,6546,CHANGES_REQUESTED,2024-05-14T13:09:49Z
aaronjorbin,costdev,6546,COMMENTED,2024-05-14T15:47:54Z
felixarntz,pbearne,7688,COMMENTED,2024-11-20T17:22:37Z
joemcgill,pbearne,7688,COMMENTED,2024-12-13T22:33:48Z
felixarntz,pbearne,7688,APPROVED,2024-12-16T07:23:12Z
joemcgill,pbearne,7688,COMMENTED,2024-12-16T17:10:10Z
desrosj,pbearne,7688,COMMENTED,2024-12-16T18:38:20Z
desrosj,pbearne,7688,APPROVED,2024-12-16T18:40:08Z
sirreal,desrosj,6963,APPROVED,2024-08-08T17:10:34Z
mukeshpanchal27,benazeer-ben,7940,COMMENTED,2024-12-03T15:55:14Z
benazeer-ben,benazeer-ben,7940,COMMENTED,2024-12-17T05:19:34Z
audrasjb,devhaozi,7858,APPROVED,2024-12-06T23:32:53Z
apermo,im3dabasia,7868,APPROVED,2024-11-25T15:03:12Z
desrosj,ockham,8008,APPROVED,2024-12-16T14:33:36Z
apermo,himanshupathak95,7915,APPROVED,2024-12-02T11:41:05Z
SantosGuillamot,sirreal,7897,APPROVED,2024-11-26T15:50:53Z
cbravobernal,sirreal,7897,COMMENTED,2024-11-26T19:00:49Z
sirreal,sirreal,7897,COMMENTED,2024-11-27T09:21:42Z
felixarntz,Debarghya-Banerjee,7598,COMMENTED,2024-10-21T16:46:53Z
felixarntz,Debarghya-Banerjee,7598,APPROVED,2024-10-21T17:19:33Z
apermo,Aljullu,7676,APPROVED,2024-10-29T10:26:06Z
apermo,Aljullu,7676,COMMENTED,2024-11-07T06:55:25Z
Aljullu,Aljullu,7676,COMMENTED,2024-11-08T07:42:51Z
apermo,Aljullu,7676,APPROVED,2024-11-08T07:44:22Z
apermo,Aljullu,7676,APPROVED,2024-11-26T13:32:44Z
Aljullu,Aljullu,7676,COMMENTED,2024-11-26T13:38:09Z
apermo,Aljullu,7676,APPROVED,2024-11-26T13:42:28Z
azaozz,Aljullu,7676,COMMENTED,2024-11-26T18:45:57Z
azaozz,Aljullu,7676,COMMENTED,2024-11-26T18:50:55Z
Aljullu,Aljullu,7676,COMMENTED,2024-11-27T07:32:49Z
ntsekouras,Aljullu,7676,COMMENTED,2024-12-04T14:20:18Z
ntsekouras,Aljullu,7676,COMMENTED,2024-12-04T14:21:33Z
Aljullu,Aljullu,7676,COMMENTED,2024-12-04T15:39:27Z
Aljullu,Aljullu,7676,COMMENTED,2024-12-04T15:40:24Z
felixarntz,Aljullu,7676,COMMENTED,2024-12-04T17:45:33Z
anton-vlasenko,Aljullu,7676,COMMENTED,2024-12-05T00:05:56Z
Aljullu,Aljullu,7676,COMMENTED,2024-12-05T16:46:13Z
Aljullu,Aljullu,7676,COMMENTED,2024-12-05T16:46:51Z
felixarntz,Aljullu,7676,APPROVED,2024-12-05T17:02:17Z
anton-vlasenko,Aljullu,7676,COMMENTED,2024-12-05T17:40:22Z
Aljullu,Aljullu,7676,COMMENTED,2024-12-11T08:53:41Z
joedolson,yogeshbhutkar,7786,APPROVED,2024-12-14T01:17:23Z
aaronjorbin,nathkrill,1124,COMMENTED,2024-01-08T22:05:10Z
q0rban,nathkrill,1124,COMMENTED,2024-09-17T22:01:13Z
aristath,maltfield,7352,CHANGES_REQUESTED,2024-09-17T04:10:18Z
mukeshpanchal27,desrosj,7966,COMMENTED,2024-12-07T05:34:41Z
anton-vlasenko,mi5t4n,7173,COMMENTED,2024-12-12T22:52:22Z
costdev,costdev,5334,COMMENTED,2023-09-27T16:22:10Z
mukeshpanchal27,deepakrohillas,7309,APPROVED,2024-09-09T04:05:44Z
aristath,deepakrohillas,7309,APPROVED,2024-09-09T05:38:30Z
apermo,yogeshbhutkar,7744,APPROVED,2024-11-08T12:59:09Z
ockham,sirreal,7859,APPROVED,2024-11-21T13:57:09Z
sirreal,sirreal,7751,COMMENTED,2024-11-21T10:26:36Z
gziolo,sirreal,7751,APPROVED,2024-11-29T07:53:59Z
gziolo,sirreal,7751,COMMENTED,2024-12-02T08:04:16Z
sirreal,sirreal,7751,COMMENTED,2024-12-02T08:51:14Z
sirreal,sirreal,7862,COMMENTED,2024-11-22T10:15:36Z
sirreal,sirreal,7862,COMMENTED,2024-11-22T10:15:41Z
gziolo,sirreal,7862,COMMENTED,2024-12-09T12:49:16Z
gziolo,sirreal,7862,COMMENTED,2024-12-09T12:51:59Z
sirreal,sirreal,7862,COMMENTED,2024-12-09T14:41:52Z
gziolo,sirreal,7862,APPROVED,2024-12-09T15:21:31Z
martinkrcho,nirajgiriXD,6866,APPROVED,2024-10-03T07:30:07Z
aristath,sabernhardt,7411,APPROVED,2024-12-12T07:26:13Z
apermo,anton-vlasenko,7925,COMMENTED,2024-12-02T11:27:41Z
anton-vlasenko,anton-vlasenko,7925,COMMENTED,2024-12-02T11:33:49Z
anton-vlasenko,anton-vlasenko,7925,COMMENTED,2024-12-02T11:41:28Z
apermo,anton-vlasenko,7925,COMMENTED,2024-12-02T11:45:36Z
apermo,anton-vlasenko,7925,APPROVED,2024-12-02T11:47:23Z
apermo,anton-vlasenko,7814,APPROVED,2024-11-16T09:46:37Z
ockham,ockham,7271,COMMENTED,2024-10-09T13:41:00Z
Mamaduka,TimothyBJacobs,7139,DISMISSED,2024-09-03T16:51:48Z
peterwilsoncc,TimothyBJacobs,7139,DISMISSED,2024-09-10T01:36:17Z
swissspidy,TimothyBJacobs,7139,CHANGES_REQUESTED,2024-09-12T11:32:40Z
swissspidy,TimothyBJacobs,7139,COMMENTED,2024-09-17T20:32:30Z
TimothyBJacobs,TimothyBJacobs,7139,COMMENTED,2024-09-17T20:42:02Z
TimothyBJacobs,TimothyBJacobs,7139,COMMENTED,2024-09-17T21:12:23Z
swissspidy,TimothyBJacobs,7139,COMMENTED,2024-09-17T21:13:13Z
gziolo,sirreal,7984,COMMENTED,2024-12-10T11:11:47Z
sirreal,sirreal,7984,COMMENTED,2024-12-10T11:27:24Z
gziolo,sirreal,7984,APPROVED,2024-12-10T11:32:51Z
ramonjd,tellthemachines,7976,APPROVED,2024-12-09T02:14:02Z
dmsnell,sirreal,7627,APPROVED,2024-11-27T15:42:55Z
swissspidy,colinleroy,7422,COMMENTED,2024-10-10T10:09:15Z
colinleroy,colinleroy,7422,COMMENTED,2024-10-10T10:15:07Z
swissspidy,colinleroy,7422,COMMENTED,2024-10-10T10:17:21Z
swissspidy,colinleroy,7422,APPROVED,2024-10-10T11:47:46Z
jrfnl,PARTHVATALIYA,7320,COMMENTED,2024-09-10T23:00:44Z
PARTHVATALIYA,PARTHVATALIYA,7320,COMMENTED,2024-09-11T04:58:14Z
jrfnl,PARTHVATALIYA,7320,APPROVED,2024-09-11T05:15:06Z
Clorith,desrosj,7541,COMMENTED,2024-10-09T20:50:59Z
desrosj,desrosj,7541,COMMENTED,2024-10-10T01:04:35Z
desrosj,desrosj,7541,COMMENTED,2024-10-10T01:11:33Z
desrosj,desrosj,7541,COMMENTED,2024-10-10T01:12:22Z
Clorith,desrosj,7541,COMMENTED,2024-10-10T09:03:18Z
johnbillion,desrosj,7541,APPROVED,2024-12-04T11:52:46Z
desrosj,desrosj,7541,COMMENTED,2024-12-05T16:41:11Z
desrosj,desrosj,7541,COMMENTED,2024-12-05T16:44:00Z
desrosj,desrosj,7541,COMMENTED,2024-12-05T16:44:45Z
desrosj,desrosj,7541,COMMENTED,2024-12-05T16:45:02Z
johnbillion,desrosj,7541,APPROVED,2024-12-05T17:17:20Z
mukeshpanchal27,narenin,7902,COMMENTED,2024-12-05T16:00:06Z
johnbillion,swissspidy,7945,APPROVED,2024-12-04T18:07:29Z
cbravobernal,ockham,7941,COMMENTED,2024-12-05T11:18:54Z
youknowriad,gigitux,7895,COMMENTED,2024-11-27T12:10:06Z
youknowriad,gigitux,7895,APPROVED,2024-11-27T12:10:52Z
gigitux,gigitux,7895,COMMENTED,2024-12-04T16:47:30Z
mukeshpanchal27,Infinite-Null,7939,CHANGES_REQUESTED,2024-12-03T15:14:47Z
Infinite-Null,Infinite-Null,7939,COMMENTED,2024-12-03T15:35:13Z
mukeshpanchal27,Infinite-Null,7939,COMMENTED,2024-12-03T15:40:08Z
ockham,ockham,7889,COMMENTED,2024-11-25T11:56:25Z
ockham,ockham,7889,COMMENTED,2024-11-26T16:31:11Z
mukeshpanchal27,aaronrobertshaw,7927,COMMENTED,2024-12-02T11:24:35Z
jrfnl,dhruvang21,7395,COMMENTED,2024-09-18T12:54:18Z
apermo,Sukhendu2002,7917,COMMENTED,2024-12-02T11:38:31Z
carolinan,carolinan,7928,COMMENTED,2024-12-02T11:00:50Z
apermo,carolinan,7928,APPROVED,2024-12-02T11:19:00Z
mukeshpanchal27,carolinan,7928,COMMENTED,2024-12-02T11:27:34Z
carolinan,carolinan,7928,COMMENTED,2024-12-02T11:29:44Z
swissspidy,ellatrix,7695,COMMENTED,2024-10-31T17:50:01Z
ellatrix,ellatrix,7695,COMMENTED,2024-10-31T19:35:24Z
ellatrix,ellatrix,7695,COMMENTED,2024-11-01T10:15:23Z
Mamaduka,ellatrix,7695,COMMENTED,2024-11-01T10:16:28Z
ellatrix,ellatrix,7695,COMMENTED,2024-11-01T10:27:39Z
jorgefilipecosta,ellatrix,7695,APPROVED,2024-11-29T16:28:16Z
Rajinsharwar,ptesei,6819,APPROVED,2024-06-15T04:11:05Z
akasunil,himanshupathak95,7921,CHANGES_REQUESTED,2024-11-29T14:05:43Z
himanshupathak95,himanshupathak95,7921,COMMENTED,2024-11-29T14:23:05Z
akasunil,himanshupathak95,7921,APPROVED,2024-11-30T09:48:03Z
joemcgill,adamsilverstein,2189,CHANGES_REQUESTED,2024-11-20T22:34:49Z
adamsilverstein,adamsilverstein,2189,COMMENTED,2024-11-26T16:46:08Z
adamsilverstein,adamsilverstein,2189,COMMENTED,2024-11-26T17:11:51Z
apermo,dhruvang21,7479,APPROVED,2024-10-29T10:48:11Z
mukeshpanchal27,parinpanjari,7908,APPROVED,2024-11-28T08:47:52Z
sirreal,sirreal,7742,COMMENTED,2024-11-12T20:02:40Z
gziolo,sirreal,7742,COMMENTED,2024-11-21T10:06:51Z
SantosGuillamot,sirreal,7742,COMMENTED,2024-11-29T11:30:47Z
sirreal,sirreal,7742,COMMENTED,2024-11-29T12:23:41Z
ntsekouras,youknowriad,7909,COMMENTED,2024-11-28T09:44:05Z
youknowriad,youknowriad,7909,COMMENTED,2024-11-28T09:46:58Z
ntsekouras,youknowriad,7909,COMMENTED,2024-11-28T09:47:02Z
youknowriad,youknowriad,7909,COMMENTED,2024-11-28T10:00:27Z
ockham,sirreal,7907,APPROVED,2024-11-28T14:21:53Z
gziolo,sirreal,7861,COMMENTED,2024-11-26T13:50:22Z
sirreal,sirreal,7861,COMMENTED,2024-11-26T16:13:53Z
gziolo,sirreal,7861,APPROVED,2024-11-27T09:48:08Z
dmsnell,sirreal,7861,COMMENTED,2024-11-27T15:25:23Z
sirreal,sirreal,7861,COMMENTED,2024-11-27T18:17:57Z
sirreal,sirreal,7861,COMMENTED,2024-11-27T18:20:27Z
apermo,dmsnell,7141,COMMENTED,2024-08-20T07:18:12Z
dmsnell,dmsnell,7141,COMMENTED,2024-08-20T16:12:11Z
dmsnell,dmsnell,7141,COMMENTED,2024-08-20T16:14:06Z
dmsnell,dmsnell,7141,COMMENTED,2024-08-20T23:27:03Z
mukeshpanchal27,youknowriad,7903,COMMENTED,2024-11-27T15:28:35Z
sirreal,sirreal,7904,COMMENTED,2024-11-27T15:22:10Z
dmsnell,sirreal,7777,COMMENTED,2024-11-13T16:48:06Z
ockham,sirreal,7777,APPROVED,2024-11-27T11:47:12Z
ockham,sirreal,7777,COMMENTED,2024-11-27T12:15:07Z
ockham,sirreal,7777,COMMENTED,2024-11-27T12:15:19Z
sirreal,sirreal,7777,COMMENTED,2024-11-27T12:16:26Z
felixarntz,mukeshpanchal27,7896,CHANGES_REQUESTED,2024-11-26T15:47:07Z
joemcgill,mukeshpanchal27,7896,COMMENTED,2024-11-26T16:02:50Z
mukeshpanchal27,Soean,7879,COMMENTED,2024-11-25T04:48:20Z
mukeshpanchal27,Soean,7879,COMMENTED,2024-11-26T15:47:17Z
Ravvsky,spacedmonkey,1863,APPROVED,2022-03-18T19:00:27Z
masteradhoc,spacedmonkey,1863,COMMENTED,2024-09-03T04:59:38Z
anton-vlasenko,spacedmonkey,1863,COMMENTED,2024-10-01T13:20:01Z
dream-encode,spacedmonkey,1863,COMMENTED,2024-10-04T13:18:03Z
costdev,pbearne,2118,CHANGES_REQUESTED,2022-04-30T05:42:42Z
nhrrob,pbearne,2118,CHANGES_REQUESTED,2022-09-17T03:26:37Z
nhrrob,pbearne,2118,COMMENTED,2022-09-17T05:24:18Z
nhrrob,pbearne,2118,CHANGES_REQUESTED,2022-09-17T05:25:25Z
costdev,pbearne,2118,CHANGES_REQUESTED,2022-09-17T13:35:52Z
pbearne,pbearne,2118,COMMENTED,2022-10-05T19:12:45Z
pbearne,pbearne,2118,COMMENTED,2022-10-05T19:16:04Z
pbearne,pbearne,2118,COMMENTED,2022-10-05T19:17:18Z
pbearne,pbearne,2118,COMMENTED,2022-10-05T19:20:26Z
pbearne,pbearne,2118,COMMENTED,2022-10-05T20:05:13Z
peterwilsoncc,costdev,2070,COMMENTED,2022-03-17T02:59:43Z
costdev,vedanshujain,2062,COMMENTED,2021-12-17T09:55:29Z
rafiahmedd,vedanshujain,2062,APPROVED,2022-06-02T14:23:07Z
hellofromtonya,costdev,1999,COMMENTED,2021-12-03T13:11:09Z
costdev,costdev,1999,COMMENTED,2021-12-03T13:13:01Z
hellofromtonya,costdev,1999,COMMENTED,2021-12-03T13:50:06Z
hellofromtonya,costdev,1999,APPROVED,2021-12-04T18:29:40Z
hellofromtonya,costdev,1999,COMMENTED,2021-12-04T20:02:03Z
hellofromtonya,costdev,1999,COMMENTED,2021-12-04T20:07:21Z
pbiron,costdev,1999,COMMENTED,2021-12-04T20:33:04Z
hellofromtonya,costdev,1999,COMMENTED,2021-12-04T20:48:54Z
pbiron,costdev,1999,APPROVED,2021-12-04T20:53:01Z
hellofromtonya,costdev,1999,COMMENTED,2021-12-04T20:53:02Z
hellofromtonya,costdev,1999,COMMENTED,2021-12-05T15:03:50Z
hellofromtonya,costdev,1999,COMMENTED,2021-12-05T16:25:35Z
hellofromtonya,costdev,1999,COMMENTED,2021-12-05T16:36:48Z
pbiron,costdev,1999,COMMENTED,2021-12-05T16:55:11Z
SergeyBiryukov,costdev,1999,APPROVED,2021-12-05T17:15:53Z
jrfnl,johnbillion,1995,COMMENTED,2022-01-21T15:50:37Z
jrfnl,johnbillion,1995,COMMENTED,2022-01-21T15:51:48Z
jrfnl,johnbillion,1995,COMMENTED,2022-01-21T15:52:25Z
jrfnl,johnbillion,1995,COMMENTED,2022-01-21T15:52:41Z
jrfnl,johnbillion,1995,COMMENTED,2022-01-21T15:54:35Z
jrfnl,johnbillion,1995,COMMENTED,2022-01-21T15:55:23Z
jrfnl,johnbillion,1995,COMMENTED,2022-01-21T15:57:35Z
jrfnl,johnbillion,1995,COMMENTED,2022-01-21T15:57:41Z
jrfnl,johnbillion,1995,COMMENTED,2022-01-21T15:58:39Z
johnbillion,johnbillion,1995,COMMENTED,2022-01-25T22:03:09Z
johnbillion,johnbillion,1995,COMMENTED,2022-01-25T22:08:55Z
costdev,pbearne,1930,CHANGES_REQUESTED,2021-11-23T01:44:28Z
costdev,pbearne,1930,CHANGES_REQUESTED,2021-11-24T01:01:59Z
costdev,pbearne,1930,COMMENTED,2023-11-05T23:21:52Z
hellofromtonya,costdev,1903,DISMISSED,2021-11-16T23:10:44Z
TimothyBJacobs,costdev,1903,COMMENTED,2021-11-17T00:18:49Z
TimothyBJacobs,costdev,1903,COMMENTED,2021-11-17T00:46:06Z
hellofromtonya,costdev,1903,COMMENTED,2021-11-17T01:03:03Z
hellofromtonya,costdev,1903,COMMENTED,2021-11-17T01:07:41Z
hellofromtonya,costdev,1903,COMMENTED,2021-11-17T01:16:32Z
hellofromtonya,hellofromtonya,1896,COMMENTED,2021-11-16T00:41:37Z
desrosj,audrasjb,1893,COMMENTED,2021-11-18T15:13:53Z
desrosj,audrasjb,1893,COMMENTED,2021-11-18T19:53:57Z
peterwilsoncc,hellofromtonya,1873,COMMENTED,2022-03-28T00:26:00Z
peterwilsoncc,audrasjb,1852,COMMENTED,2021-11-10T03:24:17Z
peterwilsoncc,audrasjb,1852,COMMENTED,2021-11-10T03:36:23Z
costdev,audrasjb,1852,COMMENTED,2021-11-10T04:36:37Z
SergeyBiryukov,audrasjb,1852,COMMENTED,2021-11-10T04:40:38Z
peterwilsoncc,audrasjb,1852,COMMENTED,2021-11-10T21:46:17Z
costdev,pbearne,1815,COMMENTED,2022-04-18T15:19:47Z
costdev,pbearne,1815,COMMENTED,2022-04-18T15:21:16Z
costdev,pbearne,1815,COMMENTED,2022-04-18T15:21:47Z
costdev,pbearne,1815,COMMENTED,2022-04-18T15:22:21Z
costdev,pbearne,1815,COMMENTED,2022-04-18T15:22:49Z
audrasjb,pbearne,1815,CHANGES_REQUESTED,2022-09-25T20:53:45Z
pbearne,pbearne,1815,COMMENTED,2022-09-28T23:47:02Z
costdev,pbearne,1815,CHANGES_REQUESTED,2022-09-29T01:28:54Z
costdev,pbearne,1815,COMMENTED,2022-09-29T01:30:00Z
pbearne,pbearne,1815,COMMENTED,2022-09-29T12:06:02Z
pbearne,pbearne,1815,COMMENTED,2022-09-29T12:06:09Z
pbearne,pbearne,1815,COMMENTED,2022-09-29T12:10:24Z
costdev,pbearne,1815,COMMENTED,2022-09-30T00:15:17Z
dd32,pbearne,1779,COMMENTED,2022-05-05T03:52:39Z
pbearne,pbearne,1779,COMMENTED,2022-05-05T15:47:47Z
desrosj,costdev,1768,COMMENTED,2022-10-06T20:06:50Z
costdev,costdev,1768,COMMENTED,2022-10-06T20:17:57Z
costdev,costdev,1768,COMMENTED,2022-10-06T20:23:44Z
costdev,costdev,1768,COMMENTED,2022-10-06T20:31:27Z
costdev,costdev,1768,COMMENTED,2022-10-06T20:34:53Z
desrosj,costdev,1768,COMMENTED,2022-10-07T00:41:04Z
desrosj,costdev,1768,COMMENTED,2022-10-07T00:51:10Z
desrosj,costdev,1768,COMMENTED,2022-10-07T00:56:35Z
desrosj,costdev,1768,COMMENTED,2022-10-07T00:57:17Z
costdev,costdev,1768,COMMENTED,2023-03-03T03:49:42Z
costdev,moorscode,1751,CHANGES_REQUESTED,2021-11-16T14:13:24Z
adamsilverstein,adamsilverstein,1683,COMMENTED,2021-09-17T13:39:25Z
felixarntz,adamsilverstein,1683,COMMENTED,2021-09-23T19:19:13Z
sgomes,adamsilverstein,1683,CHANGES_REQUESTED,2022-02-09T14:52:05Z
felixarntz,adamsilverstein,1683,COMMENTED,2022-02-17T20:27:19Z
felixarntz,adamsilverstein,1683,COMMENTED,2022-02-17T20:36:29Z
sgomes,adamsilverstein,1683,APPROVED,2022-02-22T13:46:03Z
adamsilverstein,adamsilverstein,1682,COMMENTED,2021-09-17T13:20:33Z
adamsilverstein,adamsilverstein,1682,COMMENTED,2021-09-17T13:32:27Z
adamsilverstein,adamsilverstein,1682,COMMENTED,2021-09-17T13:32:58Z
felixarntz,adamsilverstein,1682,COMMENTED,2021-09-23T19:21:29Z
felixarntz,adamsilverstein,1682,COMMENTED,2021-09-23T19:23:32Z
felixarntz,adamsilverstein,1682,COMMENTED,2021-09-23T19:25:21Z
adamsilverstein,adamsilverstein,1682,COMMENTED,2021-09-29T14:00:38Z
adamsilverstein,adamsilverstein,1682,COMMENTED,2021-09-29T14:01:47Z
sgomes,adamsilverstein,1682,CHANGES_REQUESTED,2022-02-09T15:33:16Z
felixarntz,adamsilverstein,1682,COMMENTED,2022-02-17T20:05:21Z
felixarntz,adamsilverstein,1682,COMMENTED,2022-02-17T20:12:15Z
felixarntz,adamsilverstein,1682,COMMENTED,2022-02-17T20:14:22Z
felixarntz,adamsilverstein,1682,COMMENTED,2022-02-17T20:14:33Z
sgomes,adamsilverstein,1682,COMMENTED,2022-02-22T13:47:18Z
sgomes,adamsilverstein,1682,COMMENTED,2022-02-22T14:26:34Z
sgomes,adamsilverstein,1682,COMMENTED,2022-02-22T15:07:36Z
TimothyBJacobs,ihosav,1660,CHANGES_REQUESTED,2021-10-31T05:19:40Z
peterwilsoncc,ihosav,1660,COMMENTED,2022-03-28T04:02:16Z
peterwilsoncc,ihosav,1660,COMMENTED,2022-03-28T04:03:18Z
peterwilsoncc,ihosav,1660,COMMENTED,2022-03-28T04:03:38Z
